,text,lang,id,created_at,author_id
0,"Pay us to do or write your 
#Assignments 
#calculus 
#homework
#Homeworkhelp 
#summerclasses 
#Onlineclass 
#essayhelp 
#Essaydue 
#essaywrite 
#Essays
#Music
#Art
#Law 
#Javascript
#Python
#Programming
#CodeNewbies 
#100daysofcode
#webdevelopment 
#Datascience
Dm us now for help https://t.co/7nkhCr5ejv",en,1539416720540065794,2022-06-22T01:15:21.000Z,1524278963689951235
1,"We offer Legit &amp; Quality academic solutions.
Kindly dm to place your order;
 #essaypay 
#Econometrics
#javascript
#WomenWhoCode
#English 
#Assignmentpay
#100DaysOfCode
#Python
#NodeJS
#Biology
#Math
#Essaydue
#homeworkslave
#OnlineClasses
#coding
#psychology 
+1(251)440-3310
 DM https://t.co/IqK999YS3u",en,1539416630127648770,2022-06-22T01:15:00.000Z,1275077097908658177
2,"Day38  #100DaysOfCode #Python

Today I studied again.

I'm not a programmer.

I can't feel the progress than yesterday,
but I feel the progress than last week,
the Day1 more.

How about decades programmer?

It's not good to compare other person,
should aim for.

Still go onüôÇ",en,1539416073333710849,2022-06-22T01:12:47.000Z,1211446433309581312
3,"Hello, kindly send us details of your assignments and be rest assured of good grades
#ESSAYS 
#HW 
#DataScience   
#MATHS
#ACCOUNTS
#FINANCE
#STATS
#WRITING 
#RESEARCH
#NURSING
#HISTORY
#PSYCHOLOGY
#CHEM
#BIOLOGY
#APA_MLA
#PYTHON
#fallsemester
#LAB
#100DaysofCode 
#javascript 
Dm https://t.co/ZtfYu2GWSc",en,1539415958804123653,2022-06-22T01:12:20.000Z,1275077097908658177
4,"""A man with outward courage dares to die: a man with inner courage dares to live.""- Lao Tzu #softwareengineer #javascript #python #C++ #golang #nodejs #reactjs #stockopertor #highgrowthstocks $SPX $QQQ $RUT $VIX #canslim #100DaysOfCode",en,1539415488303972353,2022-06-22T01:10:28.000Z,1243665419501744133
5,"NEED a #JOB?
Sign up now https://t.co/o7lVlsCHXv
FREE. NO MIDDLEMEN
#Jobs #AI #DataAnalytics #MachineLearning #Python #JavaScript #WomenWhoCode #Programming #Coding #100DaysofCode #DEVCommunity #gamedev #gamedevelopment #indiedev #IndieGameDev #Mobile #gamers #RHOP #BTC #ETH #SOL https://t.co/2EsIxtqjLy",en,1539415371765014530,2022-06-22T01:10:00.000Z,1332714745871421443
6,"@izaeus_ @RH78123 - no bitches 

Day 99 of #100DaysOfCode 

Trying to get in the rhythm of learning this JavaScript! One More day!! #programming #CodeNewbie #BigData #DataScience #AWS¬†¬†¬†¬†¬†¬†¬† #DEVCommunity #uiux #uidesign #Python #projects #coding",en,1539415287610712065,2022-06-22T01:09:40.000Z,1417246037660536835
7,well...#100Daysofcode #javascript #programming #dev #linux #java #programming #CodeNewbie #python #reactjs #bugbounty #DataScience #infosec #gamedev #BigData @programmerjoke9 https://t.co/JhRWFjg2qo,en,1539414517301526530,2022-06-22T01:06:36.000Z,1042014117291220992
8,#100DaysOfCode #100daysofcodechallenge #pythonprogramming #Python #tech #programming #CodeNewbie day 05 list https://t.co/dSuxbEuu2K,en,1539414260526227456,2022-06-22T01:05:35.000Z,1525634677960228865
9,"We deliver unique work üåµ   
 üìç DM for value-based services  
 #Essaypay 
 #100DaysOfCode 
 #python 
 #Case study
 #100DaysOfCode 
 #essaywrite
 #Paper pay 
 #essaywrite
 #essaywrite 
 #Case study 
 #Essaypay 
 #javascript 
 üåî 
 üå± 

 https://t.co/MrEPSqHB5x",en,1539413929209651200,2022-06-22T01:04:16.000Z,1343372118
10,"Are you in trouble with #pycharm spelling? Or simply you want to know more about it? 
Check this article!
https://t.co/LjNci19YGa

#python #blog #Blogs #ide #programming #dev #100DaysOfCode #100daysofcodechallenge #blog #Blogs #tutorial #development #developers",en,1539413847022379009,2022-06-22T01:03:56.000Z,1529052664251678721
11,"Hire for quality work
#Physics 
Geography 
Nursing #Biochem  
#essay
#Pay assignment 
Economics 
#pay someone 
#python 
#Psychology
#Programming 
#Pay essay
Algebra 
Pay biology
#KingRichard 
#javascript 
#WomenWhoCode 
#Maths 
#100DaysOfCode
#Online classes
@academics_real2 https://t.co/LUbuTVB8JI",en,1539413651840434189,2022-06-22T01:03:10.000Z,1319980675504742400
12,"Pay someone to do 
your homework.üëáüëá

https://t.co/sIswV21nIB 

#DataScientists #ML #DataScience #SQL #Cybersecurity #BigData #Analytics #AI #IIoT #Python #RStats #TensorFlow #JavaScript #ReactJS #CloudComputing #Serverless #Linux #Programming #Coding #100DaysofCode #NLP üåí  üöó",en,1539413535481921536,2022-06-22T01:02:42.000Z,397840851
13,"Do you need help in? 
#python
#homeworkdue 
#chemistry
#Onlineclass
#Essaypay
#Econometrics
#Statistics
#homework
#essaywrite
#Essayhelp
#Javascript
#Maths 
#Philosophy
#homeworkslave
#Law
#100DaysOfCode
#WomenWhoCode
#NodeJS
#DEVCommunity 
#KingRichard 
Hmu 
@academics_real2 https://t.co/LDvRmL8XIS",en,1539413364824281088,2022-06-22T01:02:01.000Z,1319980675504742400
14,"#online class
#assignments
#economics 
#essay pay
#essay due
#javascript
#chicagoessays
@academics_real2

#KingRichard 

#Maths  
#dissertation 
#Biology
#business 
#Project .
#proposals
#Python 
#research 
#Algebra
#Sociology
#100daysofcodechallenge 
#100DaysOfCode
#UK #UAE https://t.co/4iHHOiwJbQ",en,1539413248583376897,2022-06-22T01:01:34.000Z,1319980675504742400
15,"#FEATURED #COURSES

Machine Learning, Data Science and Deep Learning with Python

Complete hands-on #machine #learning tutorial with #data #science, #Tensorflow, #artificial #intelligence, and neural networks

https://t.co/PaHDf4fIL2

#python #100daysofcode #coding #udemy https://t.co/tLhDU8PtS2",en,1539413177649315840,2022-06-22T01:01:17.000Z,134434122
16,"Grade A+ assured in any timed paper
#Essay due
#Pay write
#javascript
#Onlineclass 
#Philosophy 
#Chemistry
Literature
#Calculus1,2
#Biology
#Python
#Nursing
#psychology
#Essayhelp
#Essay
#Essaypay
#100DaysOfCode
#WomenWhoCode
#Java
#Linux
Mathlab
DM
@academics_real2 https://t.co/GRWyQ6qFF4",en,1539413141678874626,2022-06-22T01:01:08.000Z,1319980675504742400
17,"AI Is Not a Security Silver Bullet

Know more: https://t.co/aaNYL06kic

#MachineLearning #AI #Python #DataScience #BigData
#DeepLearning #IoT #100DaysOfCode #5G #robots #tech
#ArtificialIntelligence #NLP #cloud #4IR #cybersecurity https://t.co/WhKO9ID1J7",en,1539413104668332032,2022-06-22T01:00:59.000Z,291831562
18,"Python Tip #17

The isupper() method returns True if ALL of the characters in the string are UPPERCASE LETTERS. Otherwise, False.

#100DaysOfCode
#66daysofdata https://t.co/qfPI3HIed5",en,1539412871448145920,2022-06-22T01:00:04.000Z,1306951389059276802
19,"#online class
#assignments
#economics 
#essay pay
#essay due
#javascript
#chicagoessays
@academics_real2

#KingRichard 

#Maths  
#dissertation 
#Biology
#business 
#Project .
#proposals
#Python 
#research 
#Algebra
#Sociology
#100daysofcodechallenge 
#100DaysOfCode
#UK #UAE https://t.co/sgAdCHfS47",en,1539412713184665602,2022-06-22T00:59:26.000Z,1319980675504742400
20,"Grade A+ assured in any timed paper
#Essay due
#Pay write
#javascript
#Onlineclass 
#Philosophy 
#Chemistry
Literature
#Calculus1,2
#Biology
#Python
#Nursing
#psychology
#Essayhelp
#Essay
#Essaypay
#100DaysOfCode
#WomenWhoCode
#Java
#Linux
Mathlab
DM
@academics_real2 https://t.co/6V10WHKcFA",en,1539412585015123978,2022-06-22T00:58:55.000Z,1319980675504742400
21,"#100DaysOfCode had a class on APIs and Python, and then spent ages rattling my brain cells over unit tests for the ATM program, tried refactoring the program to make it easier to test but still struggled with logical tests for outputs with strings. Defo a topic to revisit,",en,1539412572671197187,2022-06-22T00:58:52.000Z,1374134663472635916
22,"Do you need help in? 
#python
#homeworkdue 
#chemistry
#Onlineclass
#Essaypay
#Econometrics
#Statistics
#homework
#essaywrite
#Essayhelp
#Javascript
#Maths 
#Philosophy
#homeworkslave
#Law
#100DaysOfCode
#WomenWhoCode
#NodeJS
#DEVCommunity 
#KingRichard 
Hmu 
@academics_real2 https://t.co/jbGf2Ul03m",en,1539412475388608512,2022-06-22T00:58:29.000Z,1319980675504742400
23,"Hire for quality work
#Physics 
Geography 
Nursing #Biochem  
#essay
#Pay assignment 
Economics 
#pay someone 
#python 
#Psychology
#Programming 
#Pay essay
Algebra 
Pay biology
#KingRichard 
#javascript 
#WomenWhoCode 
#Maths 
#100DaysOfCode
#Online classes
@academics_real2 https://t.co/5rNoWNxKAF",en,1539412168055087113,2022-06-22T00:57:16.000Z,1319980675504742400
24,"Need Help?
Kindly Dm for,
#Biochem
#Algebra
#Statistics
#English
#Chemistry 
#Accounting
#Project
#Finance
#finals
#Biology
#javascript
#100DaysOfCode
#WomenWhoCode
#programming
#DataScience
#python
#mathlab
#USA #UK #UAE #KUWAIT #SAUDIARABIA #QATAR https://t.co/HhjL2jIbs4",en,1539411825430777856,2022-06-22T00:55:54.000Z,1275077097908658177
25,"Day 1 of #100DaysOfCode 

On this day I learned: Printing, Inputting, String Manipulation, and Variables

With Dr. Angela Yu in The Complete Python Pro Bootcamp for 2022 (Udemy)

Day 1 Project: Band Name Generator https://t.co/14z07A5128",en,1539410974108749826,2022-06-22T00:52:31.000Z,1367631582014676995
26,"Need Help?
Kindly Dm for,
#Biochem
#Algebra
#Statistics
#English
#Chemistry 
#Accounting
#Project
#Finance
#finals
#Biology
#javascript
#100DaysOfCode
#WomenWhoCode
#programming
#DataScience
#python
#mathlab
#USA #UK #UAE #KUWAIT #SAUDIARABIA #QATAR https://t.co/fQwOicaH2t",en,1539410923902976003,2022-06-22T00:52:19.000Z,1275077097908658177
27,"""Thought is so cunning, so clever, that it distorts everything for its own convenience.""- Jiddu Krishnamurti #softwareengineer #javascript #python #C++ #golang #nodejs #reactjs #stockopertor #highgrowthstocks $SPX $QQQ $RUT $VIX #canslim #100DaysOfCode",en,1539410449346834433,2022-06-22T00:50:26.000Z,1243665419501744133
28,"We are legit to offer you A grade in your
‚úìnursing
‚úìessays
‚úìchemistry
‚úìfinance
‚úìphysics
‚úìbiology.
‚úìphysi
‚úìchemistry
‚úìalgebra.
‚úìcalculus
‚úìhomework...
‚úìessay pay..
Assignment due 
#100DaysOfCode
#WomenWhoCode
#javascript
#Python
#Serverless https://t.co/W2MgUnFsqN",en,1539410278206820352,2022-06-22T00:49:45.000Z,1203041399769305088
29,"Reach out to me for:
Essays
Chemistry
Math
Finance
Accounting
BIOLOGY
Physiology
Anatomy
English
#BigData
#Analytics #DataScience #AI 
#MachineLearning 
#Python 
 #JavaScript 
#ReactJS 
#CloudComputing 
#Serverless 
#DataScientist 
#Linux 
#Programming 
#Coding 
#100DaysOfCode https://t.co/C011HpxMFC",en,1539410158757232641,2022-06-22T00:49:17.000Z,1203041399769305088
30,"Need Help?
Kindly Dm for,
#Biochem
#Algebra
#Statistics
#English
#Chemistry 
#Accounting
#Project
#Finance
#finals
#Biology
#javascript
#100DaysOfCode
#WomenWhoCode
#programming
#DataScience
#python
#mathlab
#KingRichard 
#USA #UK #UAE #KUWAIT #SAUDIARABIA #QATAR https://t.co/zRpZBdFcxA",en,1539410021892640769,2022-06-22T00:48:44.000Z,1319980675504742400
31,"Hire us today
Sociology

#Final paper
#Math
#Calculus
English 
#Someone help
#Thesis
#Dissertation
#100DaysOfCode
Stats
#Essays 
#Powerpoint
#Assignments 
Biology
#Physics
#Homework
Nursing.
#Essay pay
#javascript 
#coding 
#Python
#Serverless",en,1539409968633458688,2022-06-22T00:48:32.000Z,1393293439706583043
32,"#Excellency is our top focus 
#Essayshelp
#Homework
#Exams
#Assignments 
#Serverless
#Calculus
#Onlineclass
#javascript
#psychology
#dissertation
#Javascript
#Python
#programming
#Biology
#litreture
#CodeNewbies 
#100DaysOfCode
#Geography 
#WomenWhoCode 
#Dm us
@OnPointWriters2 https://t.co/K1TB5paZOa",en,1539409643721613319,2022-06-22T00:47:14.000Z,1393293439706583043
33,"Hire us today
Sociology

#Final paper
#Math
#Calculus
English 
#Someone help
#Thesis
#Dissertation
#100DaysOfCode
Stats
#Essays 
#Powerpoint
#Assignments 
Biology
#Physics
#Homework
Nursing..
#Essay pay
#javascript 
#coding 
#Python 
#Serverless",en,1539409623987404807,2022-06-22T00:47:09.000Z,1393293439706583043
34,"#Excellency is our top focus 
#Essayshelp
#Homework
#Exams
#Assignments 
#Serverless
#Calculus
#Onlineclass
#javascript
#psychology
#dissertation
#Javascript
#Python
#programming
#Biology
#litreture
#CodeNewbies 
#100DaysOfCode
#Geography 
#WomenWhoCode 
#Dm us
@OnPointWriters2",en,1539409623979020290,2022-06-22T00:47:09.000Z,1393293439706583043
35,"Complete Angular 11 from Zero to Hero | Get Hired Courses &gt; 
https://t.co/k413pUZ0Ud

#udemy #coupons #webdevelopment #javascript30 #bootstrap4 #css3 #React #Nodejs #Angular #PHP #HTML5 #WordPress #vuejs #Redux #Django #Python #100DaysOfCode",en,1539409284223512576,2022-06-22T00:45:48.000Z,1185078770488598528
36,"We ensure professionalism in the work allocated:
‚úìCoursework  
‚úìSpring class
‚úìEssay due
‚úìPay Math
‚úìPay Paper
‚úìHomework
‚úìOnline Class
‚úìPay Assignment
‚úìStatistics
‚úìTerm Paper
‚úìAccounting
‚úìBiology...
‚úìChemistry
#100DaysOfCode .
#Python
Email topgrades004@gmail.com",en,1539409137087414273,2022-06-22T00:45:13.000Z,1403337284125171712
37,"100 Days of Code: The Complete #Python Pro #Bootcamp for 2022

Master #Python by building 100 projects in 100 days. Learn data science, automation, build websites, games and apps!

https://t.co/2rhmVBeKQ1

#udemy #online #courses #onlinecourses #100daysofcode #womenwhocode https://t.co/0khEf1zTey",en,1539409094733447174,2022-06-22T00:45:03.000Z,134434122
38,"React JS Web Development - The Essentials Bootcamp Courses &gt; 
https://t.co/qGarxDPXbR

#udemy #coupons #webdevelopment #javascript30 #bootstrap4 #css3 #React #Nodejs #Angular #PHP #HTML5 #WordPress #vuejs #Redux #Django #Python #100DaysOfCode",en,1539409036025573376,2022-06-22T00:44:49.000Z,1185078770488598528
39,"We are available to help you complete your essays and assignments
#Engineering
#Nursing
#python
#Onlineclass
#ESSAYS
#100DaysOfCode
#Econometrics
#Math
#essaywrite
Casestudy
#javascript
Homework
#Philosophy
#WomenWhoCode 
#Assignmentdue
Dm 
@OnPointWriters2

+1(402) 503-5805 https://t.co/XuS3OQMfaI",en,1539408994749632514,2022-06-22T00:44:39.000Z,1393293439706583043
40,Well‚Ä¶.Day 1 of 100 days of python complete‚Ä¶.again! Now if i can just stay motivated until day 101 lol #100DaysOfCode @londonappbrewer,en,1539408839917080577,2022-06-22T00:44:02.000Z,1113539560334483456
41,"Hire for quality work
#Physics 
Geography 
Nursing #Biochem  
#essay
#Pay assignment 
Economics 
#pay someone 
#python 
#Psychology
#Programming 
#Pay essay
Algebra 
Pay biology
#javascript 
#WomenWhoCode 
#Maths 
#100DaysOfCode
#Online classes
@Freelancerkelvn https://t.co/ubR0UWNNbW",en,1539408772006813698,2022-06-22T00:43:46.000Z,1275077097908658177
42,"#Pride2022 #truth
#Steam
#nonbinary #laicism #FreeSpeech
#indiegames #IndieGameDev #100DaysOfCode
#science #womenintech #Tech4All #tech
#TFSM #LGBT #LGBTQ #EU #UKR #peace
#cyberpunk #cybersecurity #steampunk #Flutter
#javascript #Python #Sherlock
#GideonTheNinth #cannabisculture https://t.co/Rnzmy2vfBS",qht,1539408625856155650,2022-06-22T00:43:11.000Z,176742962
43,"#Pride2022 #truth
#Steam
#nonbinary #laicism #FreeSpeech
#indiegames #IndieGameDev #100DaysOfCode
#science #womenintech #Tech4All #tech
#TFSM #LGBT #LGBTQ #EU #UKR #peace
#cyberpunk #cybersecurity #steampunk #Flutter
#javascript #Python #Sherlock
#GideonTheNinth #cannabisculture https://t.co/nAs785Jgco",qht,1539408541605277696,2022-06-22T00:42:51.000Z,176742962
44,configuroweb: No. 2472 programming meme #programmingjoke #code #coding #javascript #python #datascience #programming #programmer #joke #100daysofcode #webdev #webdevelopment #php #java #linux #css #programmingmemes #codinglife #codingpics #programmingjokes ‚Ä¶,en,1539408506377347072,2022-06-22T00:42:43.000Z,1376508061746143243
45,"I'm legit to offer you A grade in your
‚úìnursing
‚úìessays
‚úìchemistry
‚úìphysics
‚úìbiology
‚úìphysics
‚úìchemistry
‚úìalgebra
‚úìhomework
‚úìessay pay
Assignment due 
#100DaysOfCode
#WomenWhoCode...
#javascript
#Python
Email topgrades004@gmail.com",en,1539408418380840961,2022-06-22T00:42:22.000Z,1403337284125171712
46,"We are available 24/7
#python
#homeworkdue 
#chemistry
#Onlineclass
#Engineering
#Essays
#Econometrics
#Statistics
Thesis
#essaywrite
#Essayhelp
#Casestudy
#Javascript
#Maths 
#Philosophy
#homeworks
#100DaysOfCode
#WomenWhoCode
#NodeJ
dm 
@OnPointWriters2

#UK #UAE #Kuwait #Qatar https://t.co/YFG6r96lEx",en,1539408406422888448,2022-06-22T00:42:19.000Z,1393293439706583043
47,"Do you need help in? 
#python
#homeworkdue 
#chemistry
#Onlineclass
#Essaypay
#Econometrics
#Statistics
#homework
#essaywrite
#Essayhelp
#Javascript
#Maths 
#Philosophy
#homeworkslave
#Law
#100DaysOfCode
#WomenWhoCode
#NodeJS
#DEVCommunity 
Hmu 
@Freelancerkelvn https://t.co/q5pmMTrs2g",en,1539408303008190467,2022-06-22T00:41:54.000Z,1275077097908658177
48,"Do you need help in
#python
#homeworkdue 
#chemistry
#Onlineclass
#Essaypay
#Econometrics
#Statistics
#homework
#essaywrite
#Essayhelp
Casestudy
#Javascript
#Maths 
#Philosophy
#homeworkslave
#Law
#100DaysOfCode
#WomenWhoCode
#NodeJS
#DEVCommunity 

@OnPointWriters2 https://t.co/v8Y3X8xL4B",en,1539408272171614209,2022-06-22T00:41:47.000Z,1393293439706583043
49,"I'm legit to offer you A grade in your
‚úìnursing
‚úìessays
‚úìchemistry
‚úìfinance.
‚úìphysics
‚úìbiology.
‚úìphysi
‚úìchemistry
‚úìalgebra.
‚úìhomework..
‚úìessay pay.
Assignment due 
#100DaysOfCode...
#WomenWhoCode
#javascript...
#Python
Email topgrades004@gmail.com",en,1539408269403381762,2022-06-22T00:41:46.000Z,1403337284125171712
50,"#online class
#assignments
#economics 
#essay pay
#essay due
#javascript
#chicagoessays
@Freelancerkelvn

#Maths  
#dissertation 
#Biology
#business 
#Project .
#proposals
#Python 
#research 
#Algebra
#Sociology
#100daysofcodechallenge 
#100DaysOfCode
#UK #UAE https://t.co/udtGkgm0w9",en,1539408178118643713,2022-06-22T00:41:25.000Z,1275077097908658177
51,"16 Search Engines for Pentester and Security Professionals üëáüí£

#searchengine #attacksurface #recontips #bugbountytips #reconone #pentesters #google #hacking #whitehat #python #100DaysOfCode #coding #codingisfun #html #java #ruby #oscp #ceo #Web3 #DevOps https://t.co/SxD4i2BrNY",en,1539408101127880706,2022-06-22T00:41:06.000Z,880010670623739904
52,"Grade A+ assured in any timed paper
#Essay due
#Pay write
#javascript
#Onlineclass 
#Philosophy 
#Chemistry
Literature
#Calculus1,2
#Biology
#Python
#Nursing
#psychology
#Essayhelp
#Essay
#Essaypay
#100DaysOfCode
#WomenWhoCode
#Java
#Linux
Mathlab
DM
@Freelancerkelvn https://t.co/ybj8S7Uvi6",en,1539408052008497153,2022-06-22T00:40:55.000Z,1275077097908658177
53,"Hello, kindly send us details of your assignments and be rest assured of good grades
#ESSAYS 
#HW 
#DataScience   
#MATHS
#ACCOUNTS
#FINANCE
#STATS
#WRITING 
#RESEARCH
#NURSING
#HISTORY
#PSYCHOLOGY
#CHEM
#BIOLOGY
#APA_MLA
#PYTHON
#fallsemester
#LAB
#100DaysofCode 
#javascript 
Dm https://t.co/LXhbUDYqer",en,1539407935734005760,2022-06-22T00:40:27.000Z,1319980675504742400
54,"""To be able to forget means sanity.""- Jack London #softwareengineer #javascript #python #C++ #golang #nodejs #reactjs #stockopertor #highgrowthstocks $SPX $QQQ $RUT $VIX #canslim #100DaysOfCode",en,1539407911499210753,2022-06-22T00:40:21.000Z,1243665419501744133
55,"Papers at an affordable price 
 #essaypay 
#Econometrics
Psychology
#Assignments 
English 
Ecology
#Assignment
#100DaysOfCode
#Python
#NodeJS
Bio
Maths
#Essay
#Homework
#Essay
#dissertation
#programming 
#javascript
#DataScience 

DM @writershub_101 https://t.co/Xaozjdn3Ah",en,1539407760017719296,2022-06-22T00:39:45.000Z,2564987988
56,"Papers at an affordable price 
 #essaypay 
#Econometrics
Psychology
#Assignments 
English 
Ecology
#Assignment
#100DaysOfCode
#Python
#NodeJS
Bio
Maths
#Essay
#Homework
#Essay
#dissertation
#programming 
#javascript
#DataScience 

DM @writershub_101 https://t.co/BD23XpfwVM",en,1539407714354442240,2022-06-22T00:39:34.000Z,2564987988
57,"I'm legit to offer you A grade in your
‚úìnursing
‚úìessays
‚úìchemistry
‚úìfinance.
‚úìphysics
‚úìbiology.
‚úìphysi
‚úìchemistry
‚úìalgebra.
‚úìhomework..
‚úìessay pay.
Assignment due 
#100DaysOfCode
#WomenWhoCode
#javascript
#Python",en,1539407685174669313,2022-06-22T00:39:27.000Z,1393293439706583043
58,"Papers at an affordable price 
 #essaypay 
#Econometrics
Psychology
#Assignments 
English 
Ecology
#Assignment
#100DaysOfCode
#Python
#NodeJS
Bio
Maths
#Essay
#Homework
#Essay
#dissertation
#programming 
#javascript
#DataScience 

DM @writershub_101 https://t.co/diKmUyUj4N",en,1539407670997921792,2022-06-22T00:39:24.000Z,2564987988
59,"Papers at an affordable price 
 #essaypay 
#Econometrics
Psychology
#Assignments 
English 
Ecology
#Assignment
#100DaysOfCode
#Python
#NodeJS
Bio
Maths
#Essay
#Homework
#Essay
#dissertation
#programming 
#javascript
#DataScience 

DM @writershub_101 https://t.co/UVD0aZphTW",en,1539407631265185792,2022-06-22T00:39:14.000Z,2564987988
60,"Papers at an affordable price 
 #essaypay 
#Econometrics
Psychology
#Assignments 
English 
Ecology
#Assignment
#100DaysOfCode
#Python
#NodeJS
Bio
Maths
#Essay
#Homework
#Essay
#dissertation
#programming 
#javascript
#DataScience 

DM @writershub_101 https://t.co/brtS7bPfqP",en,1539407573178273792,2022-06-22T00:39:00.000Z,2564987988
61,"Papers at an affordable price 
 #essaypay 
#Econometrics
Psychology
#Assignments 
English 
Ecology
#Assignment
#100DaysOfCode
#Python
#NodeJS
Bio
Maths
#Essay
#Homework
#Essay
#dissertation
#programming 
#javascript
#DataScience 

DM @writershub_101 https://t.co/TDPrd7Tt0g",en,1539407537115627520,2022-06-22T00:38:52.000Z,2564987988
62,"16 Search Engines for Pentester and Security Professionals üëáüí£

#searchengine #attacksurface #recontips #bugbountytips #reconone #pentesters #google #hacking #whitehat #python #100DaysOfCode #coding #codingisfun #html #java #ruby #oscp #ceo #Web3 #DevOps https://t.co/Uv0PEev6SB",en,1539407525162156032,2022-06-22T00:38:49.000Z,943719473147731968
63,"We offer Legit &amp; Quality academic solutions.
Kindly dm to place your order;
 #essaypay 
#Econometrics
#javascript
#WomenWhoCode
#English 
#Assignmentpay
#100DaysOfCode
#Python
#NodeJS
#Biology
#Math
#Essaydue
#homeworkslave
#OnlineClasses
#coding
#psychology https://t.co/nnkCSE46Jr",en,1539407499043954688,2022-06-22T00:38:43.000Z,1319980675504742400
64,"Papers at an affordable price 
 #essaypay 
#Econometrics
Psychology
#Assignments 
English 
Ecology
#Assignment
#100DaysOfCode
#Python
#NodeJS
Bio
Maths
#Essay
#Homework
#Essay
#dissertation
#programming 
#javascript
#DataScience 

DM @writershub_101 https://t.co/of9gyZVc2u",en,1539407496447676418,2022-06-22T00:38:42.000Z,2564987988
65,"Papers at an affordable price 
 #essaypay 
#Econometrics
Psychology
#Assignments 
English 
Ecology
#Assignment
#100DaysOfCode
#Python
#NodeJS
Bio
Maths
#Essay
#Homework
#Essay
#dissertation
#programming 
#javascript
#DataScience 

DM @writershub_101 https://t.co/f33uEHkVby",en,1539407452223029248,2022-06-22T00:38:32.000Z,2564987988
66,"Do you need help in
#python
#homeworkdue 
#chemistry
#Onlineclass
#Essaypay
#Econometrics
#Statistics
#homework
#essaywrite
#Essayhelp
Casestudy
#Javascript
#Maths 
#Philosophy
#homeworkslave
#Law
#100DaysOfCode
#WomenWhoCode
#NodeJS
#DEVCommunity 

@Freelancerkelvn https://t.co/kYnOKcSYxy",en,1539407428512620545,2022-06-22T00:38:26.000Z,1275077097908658177
67,"Papers at an affordable price 
 #essaypay 
#Econometrics
Psychology
#Assignments 
English 
Ecology
#Assignment
#100DaysOfCode
#Python
#NodeJS
Bio
Maths
#Essay
#Homework
#Essay
#dissertation
#programming 
#javascript
#DataScience 

DM @writershub_101 https://t.co/OMpbIlg6xF",en,1539407413853491201,2022-06-22T00:38:22.000Z,2564987988
68,"Write PHP Like a Pro: Build a PHP MVC Framework From Scratch -&gt; https://t.co/XKjHViDIMy

#udemy #coupons #webdevelopment #javascript30 #bootstrap4 #css3 #React #Nodejs #Angular #PHP #HTML5 #WordPress #vuejs #Redux #Django #Python #100DaysOfCode",en,1539407393544556544,2022-06-22T00:38:18.000Z,1185452957325619200
69,"Hire us today
Sociology
@OnPointWriters2

#Final paper
#Math
#Calculus
English 
#Someone help
#Thesis
#Dissertation
#100DaysOfCode
Stats
#Essays 
#Powerpoint
#Assignments 
Biology
#Physics
#Homework
Nursing..
#Essay pay
#javascript 
#coding 
#Python 
#Serverless 
Dm",en,1539407391069962240,2022-06-22T00:38:17.000Z,1393293439706583043
70,"Papers at an affordable price 
 #essaypay 
#Econometrics
Psychology
#Assignments 
English 
Ecology
#Assignment
#100DaysOfCode
#Python
#NodeJS
Bio
Maths
#Essay
#Homework
#Essay
#dissertation
#programming 
#javascript
#DataScience 

DM @writershub_101 https://t.co/vZUfr1RXQE",en,1539407372602552323,2022-06-22T00:38:13.000Z,2564987988
71,"Papers at an affordable price 
 #essaypay 
#Econometrics
Psychology
#Assignments 
English 
Ecology
#Assignment
#100DaysOfCode
#Python
#NodeJS
Bio
Maths
#Essay
#Homework
#Essay
#dissertation
#programming 
#javascript
#DataScience 

DM @writershub_101 https://t.co/e13jucxUVV",en,1539407329065586689,2022-06-22T00:38:02.000Z,2564987988
72,"We are available 24/7
#python
#homeworkdue 
#chemistry
#Onlineclass
#Engineering
#Essays
#Econometrics
#Statistics
Thesis
#essaywrite
#Essayhelp
#Casestudy
#Javascript
#Maths 
#Philosophy
#homeworks
#100DaysOfCode
#WomenWhoCode
#NodeJ
dm 
@Freelancerkelvn

#UK #UAE #Kuwait #Qatar https://t.co/w0dkmScGJU",en,1539407276250890241,2022-06-22T00:37:50.000Z,1275077097908658177
73,"Papers at an affordable price 
 #essaypay 
#Econometrics
Psychology
#Assignments 
English 
Ecology
#Assignment
#100DaysOfCode
#Python
#NodeJS
Bio
Maths
#Essay
#Homework
#Essay
#dissertation
#programming 
#javascript
#DataScience 

DM @writershub_101 https://t.co/WmFq64FsgZ",en,1539407270630641664,2022-06-22T00:37:48.000Z,2564987988
74,"Papers at an affordable price 
 #essaypay 
#Econometrics
Psychology
#Assignments 
English 
Ecology
#Assignment
#100DaysOfCode
#Python
#NodeJS
Bio
Maths
#Essay
#Homework
#Essay
#dissertation
#programming 
#javascript
#DataScience 

DM @writershub_101 https://t.co/wBVdlxa8H1",en,1539407243283767296,2022-06-22T00:37:42.000Z,2564987988
75,"Progressive Web Apps (PWA) - The Complete Guide -&gt; https://t.co/MAkkIMvlXx

#udemy #coupons #webdevelopment #javascript30 #bootstrap4 #css3 #React #Nodejs #Angular #PHP #HTML5 #WordPress #vuejs #Redux #Django #Python #100DaysOfCode",en,1539407156520181760,2022-06-22T00:37:21.000Z,1185452957325619200
76,"48 Courses of Programming
üëá
 https://t.co/ILrwxbPlG1

 #Python #Roblox #IoT #ETH #Azure #PyTorch #Cython #RStats #DotNet #CPP #Java #BTSV #ADA #CSharp #Flutter #SQL #TensorFlow #Web3 #JavaScript #ReactJS #NFT #opensource
#AI #CSS #WordPress #HTML #Ad #DevOps #100DaysOfCode https://t.co/kLhtF3CJde",en,1539406891113226241,2022-06-22T00:36:18.000Z,910879843054751744
77,"Pay us to do or write your 
#Assignments 
#calculus 
#homework
#Homeworkhelp 
#summerclasses 
#Onlineclass 
#essayhelp 
#Essaydue 
#essaywrite 
#Essays
#Music
#Law 
#Javascript
#Python
#Programming
#CodeNewbies 
#100daysofcode
Dm us now for help
Email onpointwriters247@gmail.com",en,1539406844816498688,2022-06-22T00:36:07.000Z,1393293439706583043
78,"We don't scam. It's simple steps to get your work done. Pay half and another half when you receive the work. Will be sending a draft/update every time you ask for it until we're done.
#100DaysOfCode #WomenWhoCode #NodeJS #IoT #Python #javascript 

Text/Call +1(251)440-3310 https://t.co/8mlnGHjJFk",en,1539406741850492934,2022-06-22T00:35:42.000Z,1275077097908658177
79,"We are available to help you complete your essays and assignments
#Engineering
#Nursing
#python
#Onlineclass
#ESSAYS
#100DaysOfCode
#Econometrics
#Math
#essaywrite
Casestudy
#javascript
Homework
#Philosophy
#WomenWhoCode 
#Assignmentdue
Dm 
@Freelancerkelvn

+1(251)440-3310 https://t.co/Lq8Nd8pm2b",en,1539406533196451841,2022-06-22T00:34:52.000Z,1275077097908658177
80,"I'm legit to offer you A grade in your
‚úìnursing
‚úìessays
‚úìchemistry
‚úìfinance.
‚úìphysics
‚úìbiology.
‚úìphysi
‚úìchemistry
‚úìalgebra.
‚úìhomework..
‚úìessay pay.
Assignment due 
#100DaysOfCode...
#WomenWhoCode
#javascript
#Python
Email us at onpointwriters247@gmail.com",en,1539406528914067456,2022-06-22T00:34:51.000Z,1393293439706583043
81,"We have a team of professionals
#Assignmenthelp
#Paper pay 
#python
#homework
#Onlineclass
#Essaypay
#100DaysOfCode
#Econometrics
#Math
#homework
#essaywrite
#Casestudy
#javascript
#Homework
#Philosophy
#WomenWhoCode 
#Assignmentdue
#NodeJS
#essayhelp
DM/ WhatsApp +1(786)706-1443 https://t.co/Zjaq17SY8B",en,1539406398597083137,2022-06-22T00:34:20.000Z,1319980675504742400
82,"We deliver unique work üè•   
 ‚òÑÔ∏è DM for value-based services  
 #Math 
 #100DaysOfCode 
 #python 
 #Math
 #homework 
 #python
 #Case study 
 #Case study
 #homework 
 #homework 
 #essaywrite 
 #Philosophy  
 üçü 
 ‚òÑÔ∏è 

 https://t.co/MrEPSqHB5x",en,1539406383711281152,2022-06-22T00:34:17.000Z,1343372118
83,"Hire us today
Sociology
@Freelancerkelvn

#Final paper
#Math
#Calculus
English 
#Someone help
#Thesis
#Dissertation
#100DaysOfCode
Stats
#Essays 
#Powerpoint
#Assignments 
Biology
#Physics
#Homework
Nursing..
#Essay pay
#javascript 
#coding 
#Python 
#FALLSEMESTER 
#Serverless https://t.co/unaHd3EgPk",en,1539406219991031814,2022-06-22T00:33:38.000Z,1275077097908658177
84,"#Excellency is our top focus 
#Essayshelp
#Homework
#Exams
#Assignments 
#Serverless
#Calculus
#Onlineclass
#javascript
#psychology
#dissertation
#Javascript
#Python
#programming
#Biology
#litreture
#CodeNewbies 
#100DaysOfCode
#Geography 
#WomenWhoCode 
#Dm us
@Freelancerkelvn https://t.co/IrxhlycF1i",en,1539406105700352001,2022-06-22T00:33:11.000Z,1275077097908658177
85,"#Excellency is our top focus 
#Essayshelp
#Homework
#Exams
#Assignments 
#Serverless
#Calculus
#Onlineclass
#javascript
#psychology
#dissertation
#Javascript
#Python
#programming
#Biology
#litreture
#CodeNewbies 
#100DaysOfCode
#Geography 
#WomenWhoCode 
#Dm us
@Freelancerkelvn https://t.co/yZYHOm2cOo",en,1539406006089920514,2022-06-22T00:32:47.000Z,1275077097908658177
86,"Hire us today
Sociology
#Final paper
#Math
#Calculus
English 
#Someone help
#Thesis
#Dissertation
#100DaysOfCode
Stats
#Essays 
#Powerpoint
#Assignments 
Biology
#Physics
#Homework
Nursing.
#Essay pay
#javascript 
#coding 
#Python 
#WINTERSEMESTER 
#Serverless",en,1539405932664438784,2022-06-22T00:32:29.000Z,1524829167199604737
87,"RT @enricomolinari: Top #tech trends for 2022
V/@Gartner_inc

#Metaverse + #NFT #payments #data #analytics #digital #Python #flutter #marketing #JavaScript #IoT #100DaysofCode #bot #blockchain #ML #fintech #insurtech #finserv #web3 #neobanks #GovTech #De‚Ä¶ https://t.co/2COOUxzVhK",en,1539405918852587524,2022-06-22T00:32:26.000Z,2821451759
88,"Hire us today
Sociology
@Freelancerkelvn

#Final paper
#Math
#Calculus
English 
#Someone help
#Thesis
#Dissertation
#100DaysOfCode
Stats
#Essays 
#Powerpoint
#Assignments 
Biology
#Physics
#Homework
Nursing.
#Essay pay
#javascript 
#coding 
#Python 
#WINTERSEMESTER 
#Serverless https://t.co/0PuV8Bf2on",en,1539405719920906242,2022-06-22T00:31:39.000Z,1275077097908658177
89,"Common Ports to be avoided 
#Python #Nodejs #MachineLearning #100daysofmlcode #HTML5 #RStats #Serverless #AI #Flutter #Java #Developer #developers #IoT #100daysofcode #javascript #TensorFlow #pythonlearning #technology #security #programming #programmer #code #coding https://t.co/jzS0dnhmzZ",en,1539405390403645442,2022-06-22T00:30:20.000Z,1055126539250020352
90,"Hire us for:
‚úÖWrite paper
‚úÖExams
‚úÖ Spring classes
‚úÖMath
‚úÖCalculus
‚úÖEnglish
‚úÖThesis
‚úÖStats...
‚úÖEssay due
‚úÖAssignments
‚úÖBiology
‚úÖPhysics..
‚úÖHomework
‚úÖAccounting
#100DaysOfCode #WomenWhoCode #NodeJS #IoT #Python #javascript #code #Asu",en,1539405338453098496,2022-06-22T00:30:08.000Z,620733329
91,Microsoft promises to tighten access to AI it now deems too risky for some devs https://t.co/o8xiNxb299 #Python #MachineLearning #DeepLearning #ArtificialIntelligence #technology #DataScience #100daysofcodechallenge #programminghumor #100DaysofCode,en,1539405308753326080,2022-06-22T00:30:01.000Z,1366993886141288448
92,"Hire us to handle:
#Assignments 
Accounting
#calculus 
#homework
#summerclasses 
#Onlineclass 
#essayhelp 
Finance. 
Essaydue 
#essaywrite 
#Music
#Art
Law 
#Javascript
#Python
#Programming
#CodeNewbies 
#100daysofcode
#webdevelopment 
#Datascience
Text/WhatsApp +1(870) 522-5361",en,1539405066829963264,2022-06-22T00:29:03.000Z,1499685033849901056
93,"Hire us to handle:
#Assignments 
Accounting
#calculus 
#homework
#summerclasses 
Onlineclass 
#essayhelp 
Finance. 
#Essaydue 
#essaywrite 
#Music
#Art
Law 
#Javascript
#Python
#Programming
#CodeNewbies 
#100daysofcode
#webdevelopment 
#Datascience
Text/WhatsApp +1(870) 522-5361",en,1539405030297583618,2022-06-22T00:28:54.000Z,1499685033849901056
94,"Hire us to handle:
#Assignments 
Accounting
#calculus 
#homework
#summerclasses 
#Onlineclass 
#essayhelp 
Finance. 
#Essaydue 
#essaywrite 
#Music
Law 
#Javascript
#Python
#Programming
#CodeNewbies 
#100daysofcode
#webdevelopment 
#Datascience
Text/WhatsApp +1(870) 522-5361",en,1539404933715443713,2022-06-22T00:28:31.000Z,1499685033849901056
95,"Hire us to handle:
#Assignments 
Accounting
#calculus 
#homework
#summerclasses 
#Onlineclass 
#essayhelp 
Finance. 
#Essaydue 
#essaywrite 
#Music
#Art
#Javascript
#Python
#Programming
#CodeNewbies 
#100daysofcode
#webdevelopment 
#Datascience
Text/WhatsApp +1(870) 522-5361",en,1539404657478574080,2022-06-22T00:27:25.000Z,1499685033849901056
96,"What complaint do you have??
System Hacked?
Wrong Password ???
Wrong pin??
#MachineLearning #python #loT
#100DaysOfCode #programming
#CodeNewbie
#bugbounty #DataScience #gamedev
#BigData
#Analytics #NeuralNetworks #Cloud
#OpenSource #DEVCommunity",en,1539403749583642625,2022-06-22T00:23:49.000Z,3117927641
97,"media technical
issues and assistances contact US NOW..!!

#MachineLearning #python #loT
#100DaysOfCode #programming
#CodeNewbie
#bugbounty #DataScience #books
#ebooks #machinelearning
#datascience #artificialintelligence",en,1539403697624698880,2022-06-22T00:23:36.000Z,3117927641
98,"Social media technical
issues and assistances DM NOW..

#MachineLearning #python #loT
#100DaysOfCode #programming
#CodeNewbie #books #ebooks
#machinelearning
#datascience #artificialintelligence
#learning
#DataScientist #ad",en,1539403645808164864,2022-06-22T00:23:24.000Z,3117927641
99,"Social media technical
issues and assistances..
DM NOW!!!
#MachineLearning #python #loT
#100DaysOfCode #programming
#CodeNewbie
#bugbounty #DataScience
#programming
#Algorithms
#Coding
#CodingTips
#100DaysOfCode
#100DaysOfMLCode
#MachineLearning
#avascript #webdev #sde",en,1539403578934276097,2022-06-22T00:23:08.000Z,3117927641
